Model,MAE,R2
Linear Regression,0.2839569244071315,0.8742091540115877
Random Forest,0.2914392857142851,0.8410701759960338
Gradient Boosting,0.30793291765455116,0.8096630441132192
